-- phpMyAdmin SQL Dump
-- version 4.7.0
-- https://www.phpmyadmin.net/
--
-- 主機: 127.0.0.1
-- 產生時間： 2017-10-13 10:51:13
-- 伺服器版本: 10.1.26-MariaDB
-- PHP 版本： 7.1.8

SET SQL_MODE = "NO_AUTO_VALUE_ON_ZERO";
SET AUTOCOMMIT = 0;
START TRANSACTION;
SET time_zone = "+00:00";


/*!40101 SET @OLD_CHARACTER_SET_CLIENT=@@CHARACTER_SET_CLIENT */;
/*!40101 SET @OLD_CHARACTER_SET_RESULTS=@@CHARACTER_SET_RESULTS */;
/*!40101 SET @OLD_COLLATION_CONNECTION=@@COLLATION_CONNECTION */;
/*!40101 SET NAMES utf8mb4 */;

--
-- 資料庫： `iw`
--

--
-- 資料表的匯出資料 `contacts`
--

INSERT INTO `contacts` (`id`, `name`, `email`, `message`, `created_at`, `updated_at`, `deleted_at`) VALUES
(1, '黃振訓', 'zhenxun_9119@hotmail.com', 'iw 網址是什麼呢？', '2017-09-29 06:56:59', '2017-09-29 06:56:42', NULL),
(2, '黃振訓', 'zhenxun_9119@hotmail.com', '我要如何訂閱雜誌 ?', '2017-10-01 21:35:34', '2017-10-01 21:35:34', NULL),
(3, '黃振訓', 'zhenxun9119@gmail.com', '雜誌一期多少錢 ?', '2017-10-02 03:41:38', '2017-10-02 03:41:38', NULL);

--
-- 資料表的匯出資料 `contents`
--

INSERT INTO `contents` (`id`, `cover_id`, `filename`, `rank`, `created_at`, `updated_at`, `deleted_at`) VALUES
(4, 7, '171003_aca2f2fe.png', 1, '2017-10-11 09:55:30', '2017-10-11 09:55:30', '2017-10-11 09:55:30'),
(5, 7, '171003_bdcaa5b1.png', 2, '2017-10-11 09:55:30', '2017-10-11 09:55:30', '2017-10-11 09:55:30'),
(6, 7, '171003_7dcfc059.png', 3, '2017-10-11 09:55:30', '2017-10-11 09:55:30', '2017-10-11 09:55:30'),
(7, 7, '171003_6ca79716.png', 4, '2017-10-11 09:55:30', '2017-10-11 09:55:30', '2017-10-11 09:55:30'),
(8, 7, '171003_5f1f6ec7.png', 5, '2017-10-06 05:20:57', '2017-10-06 05:20:57', '2017-10-06 05:20:57'),
(9, 7, '171003_9f1a0b2f.png', 6, '2017-10-06 05:03:34', '2017-10-06 05:03:34', '2017-10-06 05:03:34'),
(10, 8, '171005_aca2f2fe.png', 1, '2017-10-12 03:55:40', '2017-10-12 03:55:40', '2017-10-12 03:55:40'),
(11, 8, '171005_9f1a0b2f.png', 2, '2017-10-06 05:48:05', '2017-10-06 05:48:05', '2017-10-06 05:48:05'),
(12, 8, '171005_bdcaa5b1.png', 3, '2017-10-06 05:23:37', '2017-10-06 05:23:37', '2017-10-06 05:23:37'),
(13, 8, '171005_7dcfc059.png', 4, '2017-10-06 05:41:57', '2017-10-06 05:41:57', '2017-10-06 05:41:57'),
(14, 8, '171005_6ca79716.png', 2, '2017-10-12 03:55:40', '2017-10-12 03:55:40', '2017-10-12 03:55:40'),
(15, 8, '171005_5f1f6ec7.png', 6, '2017-10-06 05:44:50', '2017-10-06 05:44:50', '2017-10-06 05:44:50'),
(22, 12, '171005_aca2f2fe.png', 1, '2017-10-12 04:01:12', '2017-10-12 04:01:12', '2017-10-12 04:01:12'),
(23, 12, '171005_bdcaa5b1.png', 2, '2017-10-12 04:01:12', '2017-10-12 04:01:12', '2017-10-12 04:01:12'),
(24, 12, '171005_7dcfc059.png', 3, '2017-10-12 04:01:12', '2017-10-12 04:01:12', '2017-10-12 04:01:12'),
(25, 12, '171005_6ca79716.png', 4, '2017-10-06 07:02:48', '2017-10-06 07:02:48', '2017-10-06 07:02:48'),
(26, 12, '171005_5f1f6ec7.png', 4, '2017-10-12 04:01:12', '2017-10-12 04:01:12', '2017-10-12 04:01:12'),
(27, 12, '171005_9f1a0b2f.png', 5, '2017-10-12 04:01:12', '2017-10-12 04:01:12', '2017-10-12 04:01:12'),
(28, 13, '171005_b5fe4c0d.jpg', 1, '2017-10-12 04:04:48', '2017-10-12 04:04:48', '2017-10-12 04:04:48'),
(29, 13, '171005_22565bd6.jpg', 2, '2017-10-12 04:04:48', '2017-10-12 04:04:48', '2017-10-12 04:04:48'),
(30, 13, '171005_af31569f.jpg', 3, '2017-10-12 04:04:48', '2017-10-12 04:04:48', '2017-10-12 04:04:48'),
(31, 13, '171005_bb1ab564.jpg', 4, '2017-10-12 04:04:48', '2017-10-12 04:04:48', '2017-10-12 04:04:48'),
(32, 14, '171005_b5fe4c0d.jpg', 1, '2017-10-12 04:04:46', '2017-10-12 04:04:46', '2017-10-12 04:04:46'),
(33, 14, '171005_22565bd6.jpg', 2, '2017-10-12 04:04:46', '2017-10-12 04:04:46', '2017-10-12 04:04:46'),
(34, 14, '171005_af31569f.jpg', 3, '2017-10-12 04:04:46', '2017-10-12 04:04:46', '2017-10-12 04:04:46'),
(35, 14, '171005_bb1ab564.jpg', 4, '2017-10-12 04:04:46', '2017-10-12 04:04:46', '2017-10-12 04:04:46'),
(36, 14, '171005_367db82d.jpg', 5, '2017-10-12 04:04:46', '2017-10-12 04:04:46', '2017-10-12 04:04:46'),
(37, 14, '171005_a1d5aff6.jpg', 6, '2017-10-12 04:04:46', '2017-10-12 04:04:46', '2017-10-12 04:04:46'),
(38, 15, '171005_b5fe4c0d.jpg', 1, '2017-10-12 04:04:42', '2017-10-12 04:04:42', '2017-10-12 04:04:42'),
(39, 15, '171005_22565bd6.jpg', 2, '2017-10-12 04:04:42', '2017-10-12 04:04:42', '2017-10-12 04:04:42'),
(40, 15, '171005_af31569f.jpg', 3, '2017-10-12 04:04:42', '2017-10-12 04:04:42', '2017-10-12 04:04:42'),
(41, 15, '171005_bb1ab564.jpg', 4, '2017-10-12 04:04:42', '2017-10-12 04:04:42', '2017-10-12 04:04:42'),
(42, 16, '171005_b5fe4c0d.jpg', 1, '2017-10-12 04:04:44', '2017-10-12 04:04:44', '2017-10-12 04:04:44'),
(43, 16, '171005_22565bd6.jpg', 2, '2017-10-12 04:04:44', '2017-10-12 04:04:44', '2017-10-12 04:04:44'),
(44, 16, '171005_af31569f.jpg', 3, '2017-10-12 04:04:44', '2017-10-12 04:04:44', '2017-10-12 04:04:44'),
(45, 16, '171005_bb1ab564.jpg', 4, '2017-10-12 04:04:44', '2017-10-12 04:04:44', '2017-10-12 04:04:44'),
(46, 16, '171005_367db82d.jpg', 5, '2017-10-12 04:04:44', '2017-10-12 04:04:44', '2017-10-12 04:04:44'),
(47, 7, '171011115012_22565bd6.jpg', 5, '2017-10-11 09:55:30', '2017-10-11 09:55:30', '2017-10-11 09:55:30'),
(53, 7, '171011111722_af31569f.jpg', 6, '2017-10-11 03:25:07', '2017-10-11 03:25:07', '2017-10-11 03:25:07'),
(54, 7, '171011111722_bb1ab564.jpg', 6, '2017-10-11 09:55:30', '2017-10-11 09:55:30', '2017-10-11 09:55:30'),
(55, 7, '171011111722_367db82d.jpg', 7, '2017-10-11 09:55:30', '2017-10-11 09:55:30', '2017-10-11 09:55:30'),
(56, 7, '171011111722_a1d5aff6.jpg', 8, '2017-10-11 09:55:30', '2017-10-11 09:55:30', '2017-10-11 09:55:30'),
(57, 7, '171011111722_b5fe4c0d.jpg', 9, '2017-10-11 09:55:30', '2017-10-11 09:55:30', '2017-10-11 09:55:30'),
(58, 17, '171011171958_b5fe4c0d.jpg', 1, '2017-10-11 09:58:19', '2017-10-11 09:58:19', NULL),
(59, 17, '171011171958_22565bd6.jpg', 2, '2017-10-11 09:58:19', '2017-10-11 09:58:19', NULL),
(60, 17, '171011171958_af31569f.jpg', 3, '2017-10-11 09:58:19', '2017-10-11 09:58:19', NULL),
(61, 17, '171011171958_bb1ab564.jpg', 4, '2017-10-11 09:58:19', '2017-10-11 09:58:19', NULL),
(62, 17, '171011171958_367db82d.jpg', 5, '2017-10-11 09:58:19', '2017-10-11 09:58:19', NULL),
(63, 17, '171011171958_a1d5aff6.jpg', 6, '2017-10-11 09:58:19', '2017-10-11 09:58:19', NULL),
(64, 18, '171011182603_b5fe4c0d.jpg', 1, '2017-10-11 10:03:26', '2017-10-11 10:03:26', NULL),
(65, 18, '171011182603_22565bd6.jpg', 2, '2017-10-11 10:03:26', '2017-10-11 10:03:26', NULL),
(66, 18, '171011182603_af31569f.jpg', 3, '2017-10-11 10:03:26', '2017-10-11 10:03:26', NULL),
(67, 18, '171011182603_bb1ab564.jpg', 4, '2017-10-11 10:03:26', '2017-10-11 10:03:26', NULL),
(68, 19, '171011181205_a1d5aff6.jpg', 1, '2017-10-11 10:05:12', '2017-10-11 10:05:12', NULL),
(69, 19, '171011181205_367db82d.jpg', 2, '2017-10-11 10:05:13', '2017-10-11 10:05:13', NULL),
(70, 19, '171011181305_b5fe4c0d.jpg', 3, '2017-10-11 10:05:13', '2017-10-11 10:05:13', NULL),
(71, 19, '171011181305_22565bd6.jpg', 4, '2017-10-11 10:05:13', '2017-10-11 10:05:13', NULL),
(72, 19, '171011181305_af31569f.jpg', 5, '2017-10-11 10:05:13', '2017-10-11 10:05:13', NULL),
(73, 19, '171011181305_bb1ab564.jpg', 6, '2017-10-11 10:05:13', '2017-10-11 10:05:13', NULL),
(74, 20, '171012113611_b5fe4c0d.jpg', 1, '2017-10-12 03:11:36', '2017-10-12 03:11:36', NULL),
(75, 20, '171012113611_22565bd6.jpg', 2, '2017-10-12 03:11:36', '2017-10-12 03:11:36', NULL),
(76, 20, '171012113611_af31569f.jpg', 3, '2017-10-12 03:11:36', '2017-10-12 03:11:36', NULL),
(77, 20, '171012113611_367db82d.jpg', 4, '2017-10-12 03:11:36', '2017-10-12 03:11:36', NULL),
(78, 20, '171012113611_bb1ab564.jpg', 5, '2017-10-12 03:11:36', '2017-10-12 03:11:36', NULL),
(79, 20, '171012113611_a1d5aff6.jpg', 6, '2017-10-12 03:11:36', '2017-10-12 03:11:36', NULL),
(80, 20, '171012114422_af31569f.jpg', 7, '2017-10-12 03:22:44', '2017-10-12 03:22:44', NULL),
(81, 23, '171012_974da521.jpg', 1, '2017-10-12 03:58:41', '2017-10-12 03:58:41', NULL),
(82, 23, '171012_00e5b2fa.jpg', 2, '2017-10-12 03:58:41', '2017-10-12 03:58:41', NULL),
(83, 23, '171012_8d82bfb3.jpg', 3, '2017-10-12 03:58:41', '2017-10-12 03:58:41', NULL),
(84, 23, '171012_99a95c48.jpg', 4, '2017-10-12 03:58:41', '2017-10-12 03:58:41', NULL),
(85, 23, '171012_14ce5101.jpg', 5, '2017-10-12 03:58:41', '2017-10-12 03:58:41', NULL),
(86, 23, '171012_836646da.jpg', 6, '2017-10-12 03:58:41', '2017-10-12 03:58:41', NULL),
(87, 24, '171012_b5fe4c0d.jpg', 1, '2017-10-12 04:02:28', '2017-10-12 04:02:28', NULL),
(88, 24, '171012_22565bd6.jpg', 2, '2017-10-12 04:02:28', '2017-10-12 04:02:28', NULL),
(89, 24, '171012_af31569f.jpg', 3, '2017-10-12 04:02:28', '2017-10-12 04:02:28', NULL),
(90, 24, '171012_bb1ab564.jpg', 4, '2017-10-12 04:02:28', '2017-10-12 04:02:28', NULL),
(91, 24, '171012_367db82d.jpg', 5, '2017-10-12 04:02:28', '2017-10-12 04:02:28', NULL),
(92, 24, '171012_a1d5aff6.jpg', 6, '2017-10-12 04:02:28', '2017-10-12 04:02:28', NULL),
(93, 25, '171012_974da521.jpg', 1, '2017-10-12 04:05:46', '2017-10-12 04:05:46', NULL),
(94, 25, '171012_00e5b2fa.jpg', 2, '2017-10-12 04:05:46', '2017-10-12 04:05:46', NULL),
(95, 25, '171012_8d82bfb3.jpg', 3, '2017-10-12 04:05:46', '2017-10-12 04:05:46', NULL),
(96, 25, '171012_99a95c48.jpg', 4, '2017-10-12 04:05:46', '2017-10-12 04:05:46', NULL),
(97, 25, '171012_14ce5101.jpg', 5, '2017-10-12 04:05:46', '2017-10-12 04:05:46', NULL),
(98, 25, '171012_836646da.jpg', 6, '2017-10-12 04:05:46', '2017-10-12 04:05:46', NULL),
(99, 25, '171012_0e014b93.jpg', 7, '2017-10-12 04:05:46', '2017-10-12 04:05:46', NULL),
(100, 25, '171012_1c2d4129.jpg', 8, '2017-10-12 04:05:46', '2017-10-12 04:05:46', NULL),
(101, 26, '171012_b5fe4c0d.jpg', 1, '2017-10-12 04:08:34', '2017-10-12 04:08:34', NULL),
(102, 26, '171012_22565bd6.jpg', 2, '2017-10-12 04:08:34', '2017-10-12 04:08:34', NULL),
(103, 26, '171012_af31569f.jpg', 3, '2017-10-12 04:08:34', '2017-10-12 04:08:34', NULL),
(104, 26, '171012_bb1ab564.jpg', 4, '2017-10-12 04:08:34', '2017-10-12 04:08:34', NULL),
(105, 32, '171012_ba3cdfe1.jpg', 1, '2017-10-12 08:18:21', '2017-10-12 08:18:21', NULL),
(106, 32, '171012_89842630.jpg', 2, '2017-10-12 08:18:21', '2017-10-12 08:18:21', NULL),
(107, 32, '171012_98ec717f.jpg', 3, '2017-10-12 08:18:21', '2017-10-12 08:18:21', NULL),
(108, 32, '171012_58e91497.jpg', 4, '2017-10-12 08:18:21', '2017-10-12 08:18:21', NULL),
(109, 32, '171012_498143d8.jpg', 5, '2017-10-12 08:18:21', '2017-10-12 08:18:21', NULL),
(110, 32, '171012_7a39ba09.jpg', 6, '2017-10-12 08:18:21', '2017-10-12 08:18:21', NULL),
(111, 32, '171012_6b51ed46.jpg', 7, '2017-10-12 08:18:21', '2017-10-12 08:18:21', NULL),
(112, 32, '171012_4d2fb1dd.jpg', 8, '2017-10-12 08:18:21', '2017-10-12 08:18:21', NULL),
(113, 33, '171012_81792a29.jpg', 1, '2017-10-12 08:19:22', '2017-10-12 08:19:22', NULL),
(114, 33, '171012_b2c1d3f8.jpg', 2, '2017-10-12 08:19:22', '2017-10-12 08:19:22', NULL),
(115, 33, '171012_a3a984b7.jpg', 3, '2017-10-12 08:19:22', '2017-10-12 08:19:22', NULL),
(116, 33, '171012_63ace15f.jpg', 4, '2017-10-12 08:19:22', '2017-10-12 08:19:22', NULL),
(117, 33, '171012_72c4b610.jpg', 5, '2017-10-12 08:19:22', '2017-10-12 08:19:22', NULL),
(118, 33, '171012_417c4fc1.jpg', 6, '2017-10-12 08:19:22', '2017-10-12 08:19:22', NULL),
(119, 34, '171012_0df97aa8.pdf', 1, '2017-10-12 08:24:28', '2017-10-12 08:24:28', '2017-10-12 08:24:28'),
(120, 34, '171012_1fd57012.pdf', 2, '2017-10-12 08:24:28', '2017-10-12 08:24:28', '2017-10-12 08:24:28'),
(121, 34, '171012_92b27d5b.pdf', 3, '2017-10-12 08:24:28', '2017-10-12 08:24:28', '2017-10-12 08:24:28'),
(122, 34, '171012_051a6a80.pdf', 4, '2017-10-12 08:24:28', '2017-10-12 08:24:28', '2017-10-12 08:24:28'),
(123, 34, '171012_887d67c9.pdf', 5, '2017-10-12 08:24:28', '2017-10-12 08:24:28', '2017-10-12 08:24:28'),
(124, 34, '171012_9c568432.pdf', 6, '2017-10-12 08:24:28', '2017-10-12 08:24:28', '2017-10-12 08:24:28'),
(125, 34, '171012_1131897b.pdf', 7, '2017-10-12 08:24:28', '2017-10-12 08:24:28', '2017-10-12 08:24:28'),
(126, 34, '171012_86999ea0.pdf', 8, '2017-10-12 08:24:28', '2017-10-12 08:24:28', '2017-10-12 08:24:28'),
(127, 35, '171012_4d2fb1dd.jpg', 1, '2017-10-12 08:25:08', '2017-10-12 08:25:08', NULL),
(128, 35, '171012_6b51ed46.jpg', 2, '2017-10-12 08:25:08', '2017-10-12 08:25:08', NULL),
(129, 35, '171012_7a39ba09.jpg', 3, '2017-10-12 08:25:08', '2017-10-12 08:25:08', NULL),
(130, 35, '171012_498143d8.jpg', 4, '2017-10-12 08:25:08', '2017-10-12 08:25:08', NULL),
(131, 36, '171013145635_974da521.jpg', 1, '2017-10-13 07:19:20', '2017-10-13 07:19:20', '2017-10-13 07:19:20'),
(132, 36, '171013145635_00e5b2fa.jpg', 1, '2017-10-13 07:24:26', '2017-10-13 07:24:26', NULL),
(133, 36, '171013145635_8d82bfb3.jpg', 2, '2017-10-13 07:24:26', '2017-10-13 07:24:26', NULL),
(134, 36, '171013145635_99a95c48.jpg', 3, '2017-10-13 07:24:26', '2017-10-13 07:24:26', NULL),
(135, 36, '171013145635_14ce5101.jpg', 4, '2017-10-13 07:24:26', '2017-10-13 07:24:26', NULL),
(136, 36, '171013145635_836646da.jpg', 5, '2017-10-13 07:24:26', '2017-10-13 07:24:26', '2017-10-13 07:24:26'),
(138, 36, '171013152936_14ce5101.jpg', 5, '2017-10-13 07:36:29', '2017-10-13 07:36:29', NULL),
(139, 36, '171013154436_836646da.jpg', 6, '2017-10-13 07:36:44', '2017-10-13 07:36:44', NULL),
(140, 36, '171013150651_974da521.jpg', 7, '2017-10-13 07:51:07', '2017-10-13 07:51:07', NULL),
(141, 36, '171013150751_00e5b2fa.jpg', 7, '2017-10-13 07:51:07', '2017-10-13 07:51:07', NULL),
(142, 36, '171013150751_8d82bfb3.jpg', 7, '2017-10-13 07:51:07', '2017-10-13 07:51:07', NULL),
(143, 36, '171013150751_99a95c48.jpg', 7, '2017-10-13 07:51:07', '2017-10-13 07:51:07', NULL),
(144, 38, '171013162801_00e5b2fa.jpg', 1, '2017-10-13 08:03:05', '2017-10-13 08:03:05', '2017-10-13 08:03:05'),
(145, 38, '171013162801_8d82bfb3.jpg', 1, '2017-10-13 08:03:05', '2017-10-13 08:03:05', '2017-10-13 08:03:05'),
(146, 38, '171013162801_974da521.jpg', 1, '2017-10-13 08:03:05', '2017-10-13 08:03:05', '2017-10-13 08:03:05'),
(147, 38, '171013162801_99a95c48.jpg', 1, '2017-10-13 08:03:05', '2017-10-13 08:03:05', '2017-10-13 08:03:05'),
(148, 38, '171013162801_14ce5101.jpg', 1, '2017-10-13 08:03:05', '2017-10-13 08:03:05', '2017-10-13 08:03:05'),
(149, 39, '171013165703_836646da.jpg', 1, '2017-10-13 08:10:04', '2017-10-13 08:10:04', '2017-10-13 08:10:04'),
(150, 39, '171013165703_14ce5101.jpg', 1, '2017-10-13 08:10:04', '2017-10-13 08:10:04', '2017-10-13 08:10:04'),
(151, 39, '171013165703_99a95c48.jpg', 1, '2017-10-13 08:10:04', '2017-10-13 08:10:04', '2017-10-13 08:10:04'),
(152, 39, '171013165703_8d82bfb3.jpg', 1, '2017-10-13 08:10:04', '2017-10-13 08:10:04', '2017-10-13 08:10:04'),
(153, 39, '171013165703_00e5b2fa.jpg', 1, '2017-10-13 08:10:04', '2017-10-13 08:10:04', '2017-10-13 08:10:04'),
(154, 39, '171013165703_974da521.jpg', 1, '2017-10-13 08:10:04', '2017-10-13 08:10:04', '2017-10-13 08:10:04'),
(155, 40, '171013163310_974da521.jpg', 1, '2017-10-13 08:10:33', '2017-10-13 08:10:33', NULL),
(156, 40, '171013163310_00e5b2fa.jpg', 2, '2017-10-13 08:10:33', '2017-10-13 08:10:33', NULL),
(157, 40, '171013163310_8d82bfb3.jpg', 3, '2017-10-13 08:10:33', '2017-10-13 08:10:33', NULL),
(158, 40, '171013163310_99a95c48.jpg', 4, '2017-10-13 08:10:33', '2017-10-13 08:10:33', NULL),
(159, 40, '171013163310_14ce5101.jpg', 5, '2017-10-13 08:10:33', '2017-10-13 08:10:33', NULL),
(160, 40, '171013163310_836646da.jpg', 6, '2017-10-13 08:10:33', '2017-10-13 08:10:33', NULL);

--
-- 資料表的匯出資料 `covers`
--

INSERT INTO `covers` (`id`, `filename`, `position`, `rank`, `created_at`, `updated_at`, `deleted_at`) VALUES
(3, '170930_9f1a0b2f.png', 0, 1, '2017-09-30 07:11:06', '2017-09-30 07:11:06', NULL),
(4, '170930_aca2f2fe.png', 0, 2, '2017-09-30 07:11:06', '2017-09-30 07:11:06', NULL),
(7, '171003_9f1a0b2f.png', 1, 1, '2017-10-11 09:55:30', '2017-10-11 09:55:30', '2017-10-11 09:55:30'),
(8, '171005_7dcfc059.png', 2, 1, '2017-10-12 03:55:40', '2017-10-12 03:55:40', '2017-10-12 03:55:40'),
(12, '171005115902_6ca79716.png', 3, 1, '2017-10-12 04:01:12', '2017-10-12 04:01:12', '2017-10-12 04:01:12'),
(13, '171005_640267a9.jpg', 4, 1, '2017-10-12 04:04:48', '2017-10-12 04:04:48', '2017-10-12 04:04:48'),
(14, '171005_075a0a33.jpg', 4, 2, '2017-10-12 04:04:46', '2017-10-12 04:04:46', '2017-10-12 04:04:46'),
(15, '171005_640267a9.jpg', 4, 4, '2017-10-12 04:04:42', '2017-10-12 04:04:42', '2017-10-12 04:04:42'),
(16, '171005_075a0a33.jpg', 4, 3, '2017-10-12 04:04:44', '2017-10-12 04:04:44', '2017-10-12 04:04:44'),
(17, '171011171958_bad62543.jpg', 1, 1, '2017-10-11 09:58:19', '2017-10-11 09:58:19', NULL),
(18, '171011182603_c19fe5a3.jpg', 1, 2, '2017-10-11 10:03:26', '2017-10-11 10:03:26', NULL),
(19, '171011181205_a735e551.jpg', 1, 3, '2017-10-11 10:05:12', '2017-10-11 10:05:12', NULL),
(20, '171012113611_9df36474.jpg', 1, 4, '2017-10-12 03:11:36', '2017-10-12 03:11:36', NULL),
(21, '171012_bbb89907.png', 0, 1, '2017-10-12 03:34:58', '2017-10-12 03:34:58', NULL),
(22, '171012_36df944e.png', 0, 2, '2017-10-12 03:34:58', '2017-10-12 03:34:58', NULL),
(23, '171012114158_c19fe5a3.jpg', 2, 1, '2017-10-12 03:58:41', '2017-10-12 03:58:41', NULL),
(24, '171012122802_bad62543.jpg', 3, 1, '2017-10-12 04:02:28', '2017-10-12 04:02:28', NULL),
(25, '171012_9df36474.jpg', 4, 1, '2017-10-12 04:05:46', '2017-10-12 04:05:46', NULL),
(26, '171012123408_c19fe5a3.jpg', 7, 1, '2017-10-12 04:08:34', '2017-10-12 04:08:34', NULL),
(31, '171012042502_8e725c60.png', 9, 1, '2017-10-12 08:02:25', '2017-10-12 08:02:25', NULL),
(32, '171012042118_a735e551.jpg', 8, 1, '2017-10-12 08:20:05', '2017-10-12 08:18:21', NULL),
(33, '171012042219_c19fe5a3.jpg', 8, 2, '2017-10-12 08:19:22', '2017-10-12 08:19:22', NULL),
(34, '171012045222_9df36474.jpg', 8, 3, '2017-10-12 08:24:28', '2017-10-12 08:24:28', '2017-10-12 08:24:28'),
(35, '171012040825_9df36474.jpg', 8, 3, '2017-10-12 08:25:08', '2017-10-12 08:25:08', NULL),
(36, 'furniture-topic', 5, 1, '2017-10-13 06:35:56', '2017-10-13 06:35:56', NULL),
(38, 'furniture-topic', 6, 1, '2017-10-13 08:03:05', '2017-10-13 08:03:05', '2017-10-13 08:03:05'),
(39, 'furniture-brand', 6, 1, '2017-10-13 08:10:04', '2017-10-13 08:10:04', '2017-10-13 08:10:04'),
(40, 'furniture-brand', 6, 1, '2017-10-13 08:10:33', '2017-10-13 08:10:33', NULL);

--
-- 資料表的匯出資料 `footers`
--

INSERT INTO `footers` (`id`, `item`, `value`, `created_at`, `updated_at`) VALUES
(1, 'logo', '170928_cb719e64.png', '2017-09-28 08:41:28', '2017-09-28 08:41:28'),
(2, 'content', '&lt;p&gt;This is IW magazine, a bimonthly publication that brings the readers all about aesthetics of living space and contemporary design mode. Our reports include architecture, interior and industrial style, current art exhibition and design of furniture and decoration.&lt;/p&gt;&lt;p&gt;If you may provide pictures and/or articles about the above information. Please contact us by Email or fax, Thank you.&lt;/p&gt;&lt;p&gt;IW magazine No. 14, Ln.292, Lung Chiang Rd., Taipei 10477, Taiwan Tel: 886-2-2504-8388 Fax: 886-2-2504-2687 Email: &lt;a href=&quot;mailto:info@iw-magazine.com&quot;&gt;info@iw-magazine.com&lt;/a&gt; Website: &lt;a href=&quot;http://www.iw-magazine.com&quot;&gt;www.iw-magazine.com&lt;/a&gt;&lt;/p&gt;&lt;p&gt;傢飾雜誌是一份報導生活間美學，反應設計時尚的雙月刊雜誌。舉凡建築、室內設計、當代藝術展覽、傢俱傢飾設計，均在我們報導之列；歡迎提供以上相關照片、文字資料，以電子郵件或傳真與傢飾聯繫。&lt;/p&gt;&lt;p&gt;傢飾雜誌 台北市10477中山區龍江路292巷14號 廣告客戶暨讀者服務熱線: 02-2504-8388 二十四小時開放傳真熱線: 02-2504-2667 電子信箱:&amp;nbsp;&lt;a href=&quot;mailto:info@iw-magazine.com&quot;&gt;info@iw-magazine.com&lt;/a&gt;&amp;nbsp;網址:&amp;nbsp;&lt;a href=&quot;http://www.iw-magazine.com&quot;&gt;www.iw-magazine.com&lt;/a&gt;&lt;/p&gt;', '2017-09-28 08:41:28', '2017-09-28 08:41:28');

--
-- 資料表的匯出資料 `subscribes`
--

INSERT INTO `subscribes` (`id`, `filename`, `language`, `created_at`, `updated_at`, `deleted_at`) VALUES
(7, '171012_161de6cc.pdf', 0, '2017-10-12 09:32:32', '2017-10-12 09:32:32', '2017-10-12 09:32:32'),
(8, '171012_1009baf9.pdf', 1, '2017-10-12 09:32:30', '2017-10-12 09:32:30', '2017-10-12 09:32:30'),
(9, '171012_161de6cc.pdf', 0, '2017-10-12 09:35:45', '2017-10-12 09:35:45', NULL),
(10, '171012_1009baf9.pdf', 1, '2017-10-12 09:37:41', '2017-10-12 09:37:41', '2017-10-12 09:37:41'),
(11, '171012_1009baf9.pdf', 1, '2017-10-12 09:38:20', '2017-10-12 09:38:20', '2017-10-12 09:38:20'),
(12, '171012_1009baf9.pdf', 1, '2017-10-12 09:39:14', '2017-10-12 09:39:14', '2017-10-12 09:39:14'),
(13, '171012172039_1009baf9.pdf', 1, '2017-10-12 09:39:20', '2017-10-12 09:39:20', NULL);

--
-- 資料表的匯出資料 `users`
--

INSERT INTO `users` (`id`, `username`, `password`, `created_at`, `updated_at`) VALUES
(1, 'admin', '21232f297a57a5a743894a0e4a801fc3', '2017-09-29 02:36:58', '2017-09-29 02:36:58');
COMMIT;

/*!40101 SET CHARACTER_SET_CLIENT=@OLD_CHARACTER_SET_CLIENT */;
/*!40101 SET CHARACTER_SET_RESULTS=@OLD_CHARACTER_SET_RESULTS */;
/*!40101 SET COLLATION_CONNECTION=@OLD_COLLATION_CONNECTION */;
